pathway,pval,padj,log2err,ES,NES,size,leadingEdge,absNES
GOBP_RESPONSE_TO_VIRUS,4.46542278069911e-14,2.3269318110223e-10,0.965327754226083,0.579505217509428,1.91050345756105,417,IFI44L|USP18|IFI44|RSAD2|EIF2AK2|STAT1|HERC5|IFIT3|PLSCR1|IFITM1|IFIT1|MX1|IFIT2|OASL|OAS3|DDX60|OAS2|IFI6|TLR7|DDX60L|LGALS9|ISG15|GBP5|PARP9|CDK6|NT5C3A|OAS1|TRIM25|IFI27|GBP1|IRF7|MX2|SAMHD1|DTX3L|BST2|GBP2|ISG20|PPM1B|ADAR|NMI|DNAJC3|JAK2|TRIM22|RIOK3|RIGI|ZMPSTE24|AZI2|ZBP1|DHX58|APOBEC3A|TNFSF4|IRF9|UBE2W|RTP4|STAT2|IFIT5|TRIM38|MOV10|NCK1|BNIP3L|TRIM5|IFNGR1|ZNFX1|FMR1|IFIH1|CREBZF|IFI16|GBP7|SLFN13|IL15|ERBIN|RNASE6|TRIM13|DHX36|ELMOD2|SLFN11|IFNAR1|PTPRC|STING1|TSPAN32|HIF1A|IFITM2|ATG12|MORC3|ATF2|MICA|IL12B|SMAD3|USP29|TLR8|NPC2|EXOC1|IFITM3|CHRM2|LGALS8|ADARB1|GBP3|NLRP9|TRIM34|KCNJ8|TOMM70|TREX1|MEFV,1.91050345756105
GOBP_DEFENSE_RESPONSE_TO_SYMBIONT,2.36355329319008e-13,6.15823810540677e-10,0.932595211336209,0.607296658250811,1.96366536286207,327,IFI44L|USP18|RSAD2|EIF2AK2|STAT1|HERC5|IFIT3|PLSCR1|IFITM1|IFIT1|MX1|IFIT2|OASL|OAS3|DDX60|OAS2|IFI6|TLR7|DDX60L|ISG15|GBP5|PARP9|NT5C3A|OAS1|TRIM25|IFI27|GBP1|IRF7|MX2|SAMHD1|DTX3L|BST2|GBP2|ISG20|PPM1B|ADAR|DNAJC3|TRIM22|RIOK3|RIGI|ZMPSTE24|AZI2|ZBP1|DHX58|APOBEC3A|IRF9|UBE2W|RTP4|STAT2|IFIT5|TRIM38|MOV10|NCK1|BNIP3L|TRIM5|ZNFX1|IFIH1|IFI16|GBP7|SLFN13|IL15|ERBIN|RNASE6|TRIM13|DHX36|ELMOD2|SLFN11|PTPRC|STING1|TSPAN32|IFITM2|ATG12|MORC3|MICA|IL12B|USP29|TLR8|EXOC1|IFITM3|ADARB1|GBP3|NLRP9|TRIM34|KCNJ8|TOMM70|TREX1|MEFV,1.96366536286207
GOBP_REGULATION_OF_VIRAL_GENOME_REPLICATION,2.02747845429709e-10,3.52173007511405e-07,0.826657301178302,0.753157359825096,2.11214324523518,83,RSAD2|EIF2AK2|PLSCR1|IFITM1|IFIT1|MX1|OASL|OAS3|OAS2|ISG15|OAS1|BST2|ISG20|ADAR|APOBEC3A|PKN2|IFIT5|TRIM38|ZNFX1|IFIH1|FAM111A|IFI16|GBP7|SLPI|IFITM2|N4BP1|IFITM3|ADARB1,2.11214324523518
GOBP_REGULATION_OF_VIRAL_PROCESS,2.72505309660713e-10,3.55006292160493e-07,0.814035837847908,0.657345056115605,2.01839797268032,162,RSAD2|LAMP3|EIF2AK2|STAT1|PLSCR1|IFITM1|IFIT1|MX1|OASL|OAS3|OAS2|LGALS9|ISG15|OAS1|TRIM25|BST2|ISG20|ADAR|TRIM22|STOM|APOBEC3A|PKN2|TRIM14|IFIT5|TRIM38|LY6E|TRIM5|ZNFX1|FMR1|IFIH1|FCN1|FAM111A|IFI16|GBP7|TRIM58|TRIM13|SLPI|IFITM2|ATG12|HMGB1|N4BP1|IFITM3|ADARB1|TRIM34|TSG101,2.01839797268032
GOBP_VIRAL_LIFE_CYCLE,3.8642598948557e-10,4.02733166241861e-07,0.814035837847908,0.566886088113693,1.82822089690682,316,RSAD2|LAMP3|EIF2AK2|PLSCR1|IFITM1|IFIT1|MX1|OASL|OAS3|SCARB2|OAS2|LGALS9|ISG15|OAS1|TRIM25|IFI27|MVB12B|BST2|SIGLEC1|CCR5|ISG20|ADAR|ITGA5|TRIM22|CTSL|CHMP5|STOM|APOBEC3A|ARL8B|CHMP2B|PKN2|IFIT5|TRIM38|LY6E|RAB43|SLAMF1|CD55|TMEM41B|CLDN1|TRIM5|ZNFX1|VPS4B|VPS37A|FMR1|IFIH1|FCN1|FAM111A|IFI16|GBP7|TRIM58|NEDD4|CR2|LDLR|SELPLG|SLPI|IFITM2|SPCS1|CDK1|NUCKS1|HMGB1|RAB1A|N4BP1|CHMP1B|IFITM3|KPNA3|ADARB1|CDHR3|CTBP2|TRIM34|NECTIN4|TSG101|NCAM1|VAPA|NECTIN3|CAV1|SMC5|CD46|GYPA|FKBP6|LRRC15|NOTCH1|TASOR|EPS15|FCN3|XPR1|LTF|STAU1|TOP2A|CD4|UVRAG|PPIB|GPR15|CD28|RFPL3|ATG16L1,1.82822089690682
GOBP_NEGATIVE_REGULATION_OF_VIRAL_GENOME_REPLICATION,1.25016130648757e-09,1.08576509468445e-06,0.788186810800237,0.806610037136808,2.15301359251373,53,RSAD2|EIF2AK2|PLSCR1|IFITM1|IFIT1|MX1|OASL|OAS3|OAS2|ISG15|OAS1|BST2|ISG20|APOBEC3A|IFIT5|ZNFX1|IFIH1|FAM111A|IFI16|SLPI|IFITM2|N4BP1|IFITM3,2.15301359251373
GOBP_RESPONSE_TO_TYPE_I_INTERFERON,2.08257444618254e-09,1.55032791986532e-06,0.774939030136436,0.730070287445565,2.05520762682317,85,USP18|STAT1|IFITM1|IFIT1|MX1|OAS3|OAS2|ISG15|OAS1|IFI27|IRF7|SAMHD1|ADAR|SP100|AZI2|ZBP1|UBE2K|STAT2|YTHDF3|IFIH1|IFNAR1|STING1|HDAC4|IFITM2|USP29|IFITM3,2.05520762682317
GOBP_VIRAL_PROCESS,3.85358897281671e-09,2.51013151716848e-06,0.761460801445585,0.523119424841958,1.72529104091596,419,RSAD2|LAMP3|EIF2AK2|STAT1|PLSCR1|IFITM1|IFIT1|MX1|OASL|OAS3|SCARB2|OAS2|LGALS9|ISG15|PARP9|OAS1|TRIM25|GFI1|IFI27|MVB12B|IRF7|BST2|SIGLEC1|CCR5|ISG20|ADAR|ITGA5|TRIM22|CTSL|CHMP5|STOM|LIG4|APOBEC3A|ARL8B|CANX|CHMP2B|PKN2|SPCS3|TRIM14|IFIT5|TRIM38|LY6E|RAB43|SLAMF1|CD55|TMEM41B|CLDN1|TRIM5|ZNFX1|VPS4B|VPS37A|FMR1|IFIH1|FCN1|HCFC2|ST6GALNAC3|FAM111A|IFI16|GBP7|TRIM58|MGAT5|NEDD4|CR2|TRIM13|LDLR|SELPLG|SLPI|IFITM2|SPCS1|CDK1|ATG12|NUCKS1|HMGB1|PARP10|RAB1A|CCNT2|N4BP1|CHMP1B|IFITM3|KPNA3|ADARB1|CDHR3|GALNT1|TARDBP|CTBP2|TRIM34|NECTIN4|CSF1R|TSG101|NCAM1|VAPA|NECTIN3|REST|CAV1|MAN2A1|SMC5|LEF1|CD46|GYPA|FKBP6|MGAT4C|LRRC15|NOTCH1|TASOR|EPS15|FCN3|XPR1|LTF|DENR|STAU1|TOP2A|POU2F3|CSNK1A1|CD4|UVRAG|PPIB|GPR15|CD28|RFPL3|ATG16L1|GSK3B,1.72529104091596
GOBP_INTERFERON_MEDIATED_SIGNALING_PATHWAY,1.53785637051929e-08,8.39738269823794e-06,0.73376198835648,0.691594902725005,1.98973826794749,100,USP18|STAT1|IFITM1|OAS3|OAS2|ISG15|PARP9|OAS1|IFI27|IRF7|SAMHD1|ADAR|JAK2|SP100|AZI2|ZBP1|UBE2K|STAT2|IFNGR1|YTHDF3|IFIH1|IFNAR1|STING1|HDAC4|IFITM2|USP29|IFITM3|PARP14|HPX|TREX1|WNT5A|LSM14A|IL10RB|PPARG|IRGM|TBK1|ARG1|DCST1|TANK,1.98973826794749
GOBP_NEGATIVE_REGULATION_OF_VIRAL_PROCESS,1.61147240419074e-08,8.39738269823794e-06,0.73376198835648,0.722406339562255,2.03940242053274,88,RSAD2|EIF2AK2|STAT1|PLSCR1|IFITM1|IFIT1|MX1|OASL|OAS3|OAS2|ISG15|OAS1|TRIM25|BST2|ISG20|APOBEC3A|TRIM14|IFIT5|LY6E|TRIM5|ZNFX1|IFIH1|FCN1|FAM111A|IFI16|TRIM13|SLPI|IFITM2|N4BP1|IFITM3,2.03940242053274
GOBP_REGULATION_OF_RESPONSE_TO_BIOTIC_STIMULUS,6.64463663653981e-08,3.14774559209172e-05,0.704975715167238,0.496617612691533,1.6595213360894,490,USP18|RSAD2|EIF2AK2|STAT1|HERC5|PLSCR1|OASL|OAS3|DDX60|TLR7|LGALS9|ISG15|GBP5|PARP9|OAS1|TRIM25|IFI35|GFI1|IRF7|SAMHD1|DTX3L|GBP2|PPM1B|ADAR|NMI|TRIM22|RIOK3|RIGI|ZMPSTE24|ALPK1|ZBP1|USP15|DHX58|UBE2K|TLR1|CD300LF|CLEC7A|STAT2|NOD2|TRIM38|CD36|SLC46A2|NEK7|CD55|PPP6C|TRIM5|TYROBP|USP38|CARD16|PIK3R1|YTHDF3|ZNFX1|RAB11FIP2|IFIH1|MAPK8|NFE2L2|FCN1|IL18RAP|CD14|IFI16|MAP3K7|IRF4|SERPINB9|IL15|ERBIN|DAPK1|FFAR2|ELMOD2|TRIB1|KLRD1|STMP1|BIRC2|PUM2|MNDA|STING1|TSPAN32|ATG12|EMILIN1|HLA-F|HMGB1|MICA|HAVCR2|NAIP|IL12B|AURKB|USP29|N4BP1|TLR8|BIRC3|NINJ1|TIFA|CRTAM|PARP14|LY96|WDFY1|HPX|SLC15A2|MAP2K6|PJA2|CLEC4E|KCNJ8|TOMM70|TREX1|MEFV|KLRB1|ZNRF1|PRKCE|TLR2|RNF31|WNT5A|CAV1|SLC15A4|CHUK|PLA2G5|PPP2CA|XIAP|LILRA2|KLRK1|LSM14A|RPS6KA3|NOD1|PPARG|OTUD4|ERAP1|REG3G|FBXO38|IRGM|TBK1|TLR3|RFTN1|DTX4|FCN3|EPG5|ARG1|DCST1|IRAK3|LTF|FPR2|SPN|IL4I1|MMRN2|CSNK1A1|CARD8|BTK,1.6595213360894
GOBP_POSITIVE_REGULATION_OF_DEFENSE_RESPONSE,2.1122817096736e-07,9.17258332425761e-05,0.690132458796796,0.490516820173703,1.6269803539122,455,RSAD2|EIF2AK2|IL6ST|PLSCR1|OASL|OAS3|DDX60|TLR7|LGALS9|GBP5|PARP9|OAS1|TRIM25|IFI35|GFI1|MGST2|IRF7|GBP2|PIK3CG|NMI|RIOK3|RIGI|STAP1|ALPK1|ZBP1|USP15|DHX58|TNFSF4|UBE2K|TLR1|CD300LF|CLEC7A|MEF2C|SNX4|NOD2|VAMP7|CD36|SLC46A2|NEK7|TRIM5|TYROBP|PIK3R1|ZNFX1|RAB11FIP2|IFIH1|MAPK8|FCN1|IL18RAP|CD14|IFI16|MAP3K7|IRF4|IL15|ERBIN|FFAR2|LDLR|KLRD1|STMP1|BIRC2|PUM2|MNDA|STING1|ZP3|EMILIN1|HLA-F|HMGB1|HAVCR2|NAIP|IL12B|NKG7|USP29|TLR8|BIRC3|NINJ1|TIFA|TNFRSF1A|CRTAM|CD47|LY96|WDFY1|HPX|SLC15A2|MAP2K6|CCN4|PJA2|CLEC4E|KCNJ8|TOMM70|MEFV|LILRA5|ZNRF1|PRKCE|TLR2|RNF31|WNT5A|CAV1|SLC15A4|CHUK|NLRP12|PLA2G5|PENK|NEAT1|PPP2CA|XIAP|LILRA2|KLRK1|PLA2G7|LSM14A|RPS6KA3|NOD1|OTUD4|REG3G|IRGM|TBK1|IL18|TLR3|PTGER3|RFTN1|FCN3|EPG5|FCGR1A|ARG1|IRAK3|LTF|FPR2|S100A9|MMRN2|CSNK1A1|CARD8|BTK|TNFRSF11A|CD28|AP1G1|MDK|IL17A|IRAK4|S100A8|PUM1|MATR3|CCR7|PTGS2|NLRP3|GSDMD|PAK2,1.6269803539122
GOBP_VIRAL_GENOME_REPLICATION,2.5347034069472e-07,0.000101602611181553,0.674962860011025,0.641791392921696,1.9081313449478,127,RSAD2|EIF2AK2|PLSCR1|IFITM1|IFIT1|MX1|OASL|OAS3|OAS2|ISG15|OAS1|IFI27|BST2|ISG20|ADAR|STOM|APOBEC3A|PKN2|IFIT5|TRIM38|TMEM41B|ZNFX1|FMR1|IFIH1|FAM111A|IFI16|GBP7|SLPI|IFITM2|NUCKS1|N4BP1|IFITM3|ADARB1|CTBP2|VAPA|SMC5|FKBP6|NOTCH1|TASOR|LTF|STAU1|TOP2A|PPIB|CD28|ATG16L1,1.9081313449478
GOBP_REGULATION_OF_INNATE_IMMUNE_RESPONSE,2.81179622857611e-07,0.000104659072479358,0.674962860011025,0.49781035343632,1.63843980732049,407,USP18|RSAD2|EIF2AK2|PLSCR1|OASL|OAS3|DDX60|TLR7|LGALS9|ISG15|GBP5|PARP9|OAS1|TRIM25|IFI35|GFI1|IRF7|SAMHD1|GBP2|ADAR|NMI|RIOK3|RIGI|ALPK1|ZBP1|USP15|DHX58|UBE2K|TLR1|CD300LF|CLEC7A|STAT2|NOD2|CD36|SLC46A2|NEK7|PPP6C|TRIM5|TYROBP|USP38|PIK3R1|YTHDF3|ZNFX1|RAB11FIP2|IFIH1|MAPK8|NFE2L2|FCN1|IL18RAP|CD14|IFI16|MAP3K7|IRF4|SERPINB9|ERBIN|FFAR2|KLRD1|STMP1|BIRC2|PUM2|MNDA|STING1|ATG12|HLA-F|HMGB1|MICA|HAVCR2|NAIP|IL12B|AURKB|USP29|N4BP1|TLR8|BIRC3|NINJ1|TIFA|CRTAM|PARP14|LY96|WDFY1|HPX|SLC15A2|MAP2K6|PJA2|CLEC4E|KCNJ8|TOMM70|TREX1|MEFV|KLRB1|ZNRF1|PRKCE|TLR2|WNT5A|CAV1|SLC15A4|CHUK|PLA2G5|PPP2CA|XIAP|LILRA2|KLRK1|LSM14A|RPS6KA3|NOD1|PPARG|OTUD4|ERAP1|REG3G|IRGM|TBK1|TLR3|RFTN1|DTX4|FCN3|EPG5|ARG1|DCST1|IRAK3,1.63843980732049
GOBP_ADAPTIVE_IMMUNE_RESPONSE_BASED_ON_SOMATIC_RECOMBINATION_OF_IMMUNE_RECEPTORS_BUILT_FROM_IMMUNOGLOBULIN_SUPERFAMILY_DOMAINS,1.02753307231216e-06,0.000342661242131914,0.643551836150722,0.501903480571112,1.63473029067105,360,RSAD2|TNFSF13B|IGHV4-34|IGHV2-26|IRF7|RAB27A|IGHV3-13|JAK2|STX7|BACH2|IGHD|LIG4|IGHV4-61|TNFSF4|IGHV3-7|IGHV5-51|FCGR3A|CLEC7A|IGHV3-11|MEF2C|IGHV3-53|SEMA4A|NOD2|IGHV4-59|TAP2|IGHV1-24|IGHV4-39|SLAMF1|FCER2|CD55|RC3H1|IGHV3-21|IGHM|PLA2G4A|IGHV3-33|IGHV1-18|IGLL5|PPP3CB|ANXA1|EPHB2|C1QA|IGHV3-20|RC3H2|TNFSF13|MAP3K7|IRF4|CR2|C4BPB|HPRT1|KLRD1|IL2RB|PTPRC|IGHG3|ZP3|IGHV1-69|DENND1B|CD8A|HLA-F|IL21R|IGHV3-23|HMGB1|SMAD7|IGHV2-5|MICA|SANBR|STAT4|HAVCR2|IL12B|IGHV4-28|B2M|MALT1|TLR8|IL7R|C17orf99|ATAD5|RIF1|BCL6|CRTAM|IL10|IGHV6-1|HPX|EXO1|TREX1|IGHV4-31|IGHV3-74|FCER1G|PSG9|TRPM4|SLC15A4|FCER1A|PRF1|JAG1|NBN|LEF1|CD46|C1QB|SHLD1|CD1A|EBAG9|FBXO38|IL18|NOTCH1|RFTN1|IGHV1-58|IGLC7|FCGR1A|IL1R1|ARG1|IGHV3-48|IGHG1|MSH2|SPN|IL4R|PRKCQ|IL4I1|IGLC3|CD4|IGKC|BTK|CLC|ADA|IGLC2|CD28,1.63473029067105
GOBP_ANTIVIRAL_INNATE_IMMUNE_RESPONSE,1.05211665210336e-06,0.000342661242131914,0.643551836150722,0.762025275806856,1.98470900001343,48,USP18|EIF2AK2|IFIT3|IFIT1|MX1|IFIT2|OAS1|TRIM25|RIGI|ZBP1|DHX58|UBE2W|NCK1|IFIH1|STING1|MORC3,1.98470900001343
GOBP_RESPONSE_TO_INTERFERON_ALPHA,1.30092120707649e-06,0.000398770612357389,0.643551836150722,0.895864701198445,1.94091748874107,18,LAMP3|EIF2AK2|IFITM1|MX2|BST2|ADAR|RO60|KLHL20|IFNAR1|IFITM2|IFITM3,1.94091748874107
GOBP_RIBONUCLEOPROTEIN_COMPLEX_BIOGENESIS,1.59018728727716e-06,0.000460359219666738,0.643551836150722,-0.417188129317297,-1.56455990778905,480,HSP90AB1|TSR1|NLE1|PRPF19|EIF3L|HSP90AA1|FBL|PRPF3|ISG20L2|EXOSC6|PDCD11|SF3B2|RPS4X|RPP25|EIF2S3|NOP53|EIF3F|REXO4|RSL1D1|PRMT7|RRP7BP|PRPF6|RNU5A-1|EIF3B|DDX51|NOP2|PWP2|EIF3D|RPS16|RPS14|RNU5B-1|NSUN4|RPS12|HABP4|LSG1|YBEY|LAS1L|FDXACB1|NSUN5P2|DDX54|MTERF4|RBFA|NOP9|KRI1|DDX56|EIF2D|RNU4ATAC|ERCC2|ERAL1|RRP8|EIF3A|RPUSD4|MDN1|MPHOSPH10|UTP15|SF3B4|FTSJ3|RPL10|SART3|CUL4A|RRP12|DKC1|RRP7A|RPL13A|PRPF8|NOB1|SBDS|GNL2|RPSA|RNU6-1|TRAF7|DDX23|GEMIN4|PUF60|SIRT7|GEMIN7|METTL25B|EIF5|ERI3|SNRNP200|SURF6|KHDC4|RPS23|NSA2|TBL3|RPLP0|RPL6|SNRPF|C1QBP|RPS8|NOP58|PPAN|DDX27|RPS21|RPS6|RBMX2|LSM2|IMP3|RPL5|PELP1|NOC2L|DHX9|MRTO4|EXOSC2|MPV17L2|TSR3|RPL23A|NOA1|EIF3I|USP36|PRMT5|CD2BP2|NGRN|DDX3X|NSUN5P1|RRP1|URB2|ZNF593|SF3A3|WDR55|EIF3K|RPLP0P6|EXOSC10|BYSL|NOLC1|ERI2|RPS27|RPL7A|RPS15A|RRP36|NOP14|RPL11|SF1|PRKRA|PTGES3|NAT10|RPL7|UTP14A|MYBBP1A|MRM2|PAK1IP1|MRPS2|RPS5|RPL10A|NOPCHAP1|RIOX2|SFSWAP|METTL15P1|RPL7L1|GTF2H5|RPL27|UTP4|RPS3A|ZRSR2|NPM1|RNU4-1|DDX21|BUD13|URB1|EIF3C|RNU6ATAC|EMG1|TRMT112|LSM4|LTV1|SRSF5|RPS11|SF3A2|IMP4|TRMT2B|NOP56|EIF3G|POP7,1.56455990778905
GOBP_LEUKOCYTE_MEDIATED_IMMUNITY,1.68077123221816e-06,0.00046097362584678,0.643551836150722,0.479932984059301,1.58777328836596,445,RSAD2|LGALS9|IGHV4-34|IGHV2-26|IRF7|RAB27A|BST2|IGHV3-13|PIK3CG|RIGI|STAP1|STX7|IGHD|LIG4|IGHV4-61|ARL8B|TNFSF4|IGHV3-7|IGHV5-51|FCGR3A|CLEC7A|IGHV3-11|IGHV3-53|SNX4|NOD2|IGHV4-59|TAP2|IGHV1-24|STXBP3|VAMP7|IGHV4-39|SLAMF1|FCER2|SCNN1B|CD55|IGHV3-21|IGHM|TYROBP|IGHV3-33|CX3CR1|IGHV1-18|IGLL5|PPP3CB|PTGDR|IL18RAP|C1QA|IGHV3-20|TNFSF13|MAP3K7|SERPINB9|CR2|C4BPB|DHX36|HPRT1|KLRD1|GZMB|IL2RB|PTPRC|SNX6|IGHG3|ZP3|IGHV1-69|DENND1B|CD8A|HLA-F|IL21R|IGHV3-23|HMGB1|SMAD7|IGHV2-5|MICA|SANBR|HAVCR2|IL12B|IGHV4-28|B2M|MALT1|NKG7|TLR8|IL7R|CAMK4|C17orf99|RAB44|ATAD5|RIF1|BCL6|CRTAM|IL10|IGHV6-1|HPX|EXO1|TREX1|LAT|KLRB1|IGHV4-31|IGHV3-74|FCER1G|TRPM4|SLC15A4|FCER1A|PRF1|JAG1|NBN|CD2|KLRK1|CD46|C1QB|SHLD1|CD1A|FER|EBAG9|FBXO38|KIF5B|GATA2|PRAM1|IL18|TLR3|CHGA|RFTN1|IGHV1-58|IGLC7|FCGR1A|IL1R1|ARG1|IGHV3-48|IGHG1|GATA1|SLAMF7|MSH2|SPN|IL4R|IL4I1|IGLC3|IGKC|BTK|CLC|IGLC2|CD28|AP1G1|CD96|IGLC1|ANXA3|IRAK4|CD177,1.58777328836596
GOBP_REGULATION_OF_RESPONSE_TO_CYTOKINE_STIMULUS,2.07529233579884e-06,0.000540717418092387,0.627256739718528,0.593121541407142,1.8212933172154,161,USP18|OAS3|ISG15|PARP9|OAS1|GFI1|IRF7|SAMHD1|ADAR|RIGI|STAP1|SPPL2A|ZBP1|VRK2|UBE2K|CD300LF|STAT2|CARD16|PXDN|YTHDF3|IFIH1|NKIRAS1|ZNF675|IL1RN|H2BC11|PTPRC|STING1|SLIT2|HIF1A|NAIP|USP29|TNFRSF1A|PARP14|HPX|LRRC70|TREX1|GSTP1|TLR2|WNT5A|CAV1|PAFAH1B1|SLIT3|XIAP|LSM14A|PPARG|OTUD4|IRGM|TBK1|IL1R1|ARG1|DCST1|IRAK3,1.8212933172154
GOBP_DEFENSE_RESPONSE_TO_BACTERIUM,2.78977653609678e-06,0.000660796614981833,0.627256739718528,0.509851269894507,1.63665956831373,298,GBP4|OAS3|OAS2|ISG15|GBP5|OAS1|GBP1|GBP2|H2BC4|TNFSF8|CFP|NOD2|TMF1|CD36|SCNN1B|H2BC21|IGHM|SLC9A9|ZNFX1|RNF213|RAB14|GBP7|MAP3K7|LYZ|RNASE6|H2BC11|SLPI|IGHG3|EMILIN1|MICA|HAVCR2|IGKV3-20|NAIP|IL12B|RAB1A|IL7R|TAB3|TNFRSF1A|RBPJ|IL10|CLEC4D|GBP3|CLEC4E|STAB1|FCER1G|C5AR1|TLR2|RNF31|CASP7|JCHAIN|XIAP|STATH|KLRK1|NOD1|REG3G|IRGM|TBK1|IL18|TLR3|CHGA|FCGR1A|DHX15|IGHG1|LTF|FPR2|SPN|S100A9|MMRN2|CD4,1.63665956831373
GOBP_VESICLE_ORGANIZATION,2.67592894445966e-06,0.000660796614981833,0.627256739718528,0.491190070772158,1.60034386451143,361,SCARB2|SAMD9|INSIG1|RAB27A|TMED10|CHMP5|FBXO5|VAV3|SEC24A|STX7|BET1|BLOC1S2|ARL8B|PI4K2B|RAB12|ATP6V1H|KNL1|CHMP2B|VAMP4|TMF1|VAMP7|SLAMF1|CREB1|PPP6C|SERPINE2|ATP6V1A|SEC23A|ATP6V1C1|ANXA1|VPS4B|VPS37A|AQP11|TFG|RAB14|TBPL1|WASHC4|ATP6V1G1|RAB22A|STAM|BLOC1S6|ZFYVE16|SDCBP|RAB8B|WASL|SRGN|DTNBP1|PICALM|PLEKHF2|KCNE1|STX6|YIPF4|AGFG1|STAM2|RAB1A|SNX10|SDC1|CHMP1B|ATP6V1D|TRAPPC2|SEC24D|SYT4|YIPF5|HOOK3|CPLX1|VTA1|TMED2|GARIN1B|SAR1B|USO1|ANKFY1|TRAPPC11|TSG101|PTPRN|F2R|VPS41|VAPA|SAR1A|AP1S2|TRAPPC8|CAV1|ZNF385A|PLA2G5|ARFGEF2|PAFAH1B1|ATP6AP2|STX19|DNAJC13|ARFGAP3|ATP6V1B2|CLN3|EPS15|SEC31A|CUL3|PHETA1|RAB13|SPG11|VIPAS39|TRAPPC2L|TBC1D4|PLEKHA3|STX16|USP8|UVRAG|DNM1|STX17|VPS36|CRYZL2P-SEC16B|STX12|AP1G1|TRAPPC6B|ATP6V0A1|GOLPH3L|ACRBP|F2RL3|SYP|C2CD5|TRAPPC13|SLC35D3|PDCD6IP|SHROOM2|SORT1,1.60034386451143
GOBP_CYTOPLASMIC_TRANSLATION,3.02261838386817e-06,0.000684820191232046,0.627256739718528,-0.533617067241216,-1.78595560981557,156,EIF3L|PKM|RPS3|RPS4X|RPS18|EIF2S3|EIF3F|EIF3B|EIF3D|RPS16|RPS14|RPS12|PARP16|RPL4|RPL3|EIF2D|RPLP1|EIF4A1|RPL27A|EIF3A|RPL8|RPL10|RPS10|EIF4G1|RPL29|RPL18|RPL13A|RPL13|RPSA|RPL21|RPL9|NCBP2|DRG2|RPLP2|EIF5|RPS23|RPLP0|RPL6|RPL17|RPS8|RPS21|RPS6|RPS2|RPL5|DHX9|RPS20|RPL23A|EIF3I|UBA52|EIF3K|RPLP0P6|RPS27|RPL7A|RPS15A|RPL34|RPL11|RPL22|RPL7|MIF4GD|RPS5|RPL10A|RBM4|RPL32|RPL27|RPS3A|RPL28|RPL19|MTOR|RPL18A|EIF3C|RPS11|RPS26|SARS1|EIF3G|NMNAT2|RACK1|RPS13|YBX1|RPS27A|RPL30|RPL38|DRG1|RPL14|RPS15|RPL12|RPL39|RPS24|RPL35A|RPL41|RPL26|RPL37|RPS29,1.78595560981557
GOBP_ACTIVATION_OF_INNATE_IMMUNE_RESPONSE,3.30288775243219e-06,0.00068952500808087,0.627256739718528,0.52257249067345,1.67151969569182,270,RSAD2|EIF2AK2|OASL|OAS3|DDX60|TLR7|LGALS9|GBP5|OAS1|TRIM25|IFI35|GFI1|IRF7|GBP2|NMI|RIOK3|RIGI|ALPK1|ZBP1|USP15|DHX58|TLR1|CD300LF|CLEC7A|NOD2|CD36|SLC46A2|NEK7|TRIM5|TYROBP|PIK3R1|ZNFX1|RAB11FIP2|IFIH1|MAPK8|FCN1|CD14|IFI16|MAP3K7|IRF4|ERBIN|FFAR2|KLRD1|STMP1|BIRC2|PUM2|MNDA|STING1|HMGB1|HAVCR2|NAIP|TLR8|BIRC3|NINJ1|TIFA|LY96|WDFY1|SLC15A2|MAP2K6|PJA2|CLEC4E|KCNJ8|TOMM70|MEFV|ZNRF1|PRKCE|TLR2|CAV1|SLC15A4|CHUK|PPP2CA|XIAP|LILRA2|KLRK1|LSM14A|RPS6KA3|NOD1|OTUD4|REG3G|IRGM|TBK1|TLR3|RFTN1|FCN3|EPG5|IRAK3,1.67151969569182
GOBP_POSITIVE_REGULATION_OF_RESPONSE_TO_BIOTIC_STIMULUS,3.30802632930757e-06,0.00068952500808087,0.627256739718528,0.491532035378031,1.59924398113048,355,RSAD2|EIF2AK2|PLSCR1|OASL|OAS3|DDX60|TLR7|LGALS9|GBP5|PARP9|OAS1|TRIM25|IFI35|GFI1|IRF7|GBP2|NMI|RIOK3|RIGI|ALPK1|ZBP1|USP15|DHX58|UBE2K|TLR1|CD300LF|CLEC7A|NOD2|CD36|SLC46A2|NEK7|TRIM5|TYROBP|PIK3R1|ZNFX1|RAB11FIP2|IFIH1|MAPK8|FCN1|IL18RAP|CD14|IFI16|MAP3K7|IRF4|ERBIN|FFAR2|KLRD1|STMP1|BIRC2|PUM2|MNDA|STING1|EMILIN1|HLA-F|HMGB1|HAVCR2|NAIP|IL12B|USP29|TLR8|BIRC3|NINJ1|TIFA|CRTAM|LY96|WDFY1|HPX|SLC15A2|MAP2K6|PJA2|CLEC4E|KCNJ8|TOMM70|MEFV|ZNRF1|PRKCE|TLR2|WNT5A|CAV1|SLC15A4|CHUK|PLA2G5|PPP2CA|XIAP|LILRA2|KLRK1|LSM14A|RPS6KA3|NOD1|OTUD4|REG3G|FBXO38|IRGM|TBK1|TLR3|RFTN1|FCN3|EPG5|ARG1|IRAK3|LTF|FPR2|MMRN2|CSNK1A1|CARD8|BTK,1.59924398113048
GOBP_LYMPHOCYTE_MEDIATED_IMMUNITY,4.44663577845955e-06,0.000891208424675105,0.610526878385931,0.49579809902284,1.61131797182716,346,RSAD2|LGALS9|IGHV4-34|IGHV2-26|IRF7|RAB27A|IGHV3-13|STX7|IGHD|LIG4|IGHV4-61|ARL8B|TNFSF4|IGHV3-7|IGHV5-51|FCGR3A|IGHV3-11|IGHV3-53|NOD2|IGHV4-59|TAP2|IGHV1-24|VAMP7|IGHV4-39|SLAMF1|FCER2|CD55|IGHV3-21|IGHM|IGHV3-33|IGHV1-18|IGLL5|PPP3CB|IL18RAP|C1QA|IGHV3-20|TNFSF13|MAP3K7|SERPINB9|CR2|C4BPB|HPRT1|KLRD1|GZMB|IL2RB|PTPRC|IGHG3|ZP3|IGHV1-69|DENND1B|CD8A|HLA-F|IL21R|IGHV3-23|HMGB1|SMAD7|IGHV2-5|MICA|SANBR|HAVCR2|IL12B|IGHV4-28|B2M|MALT1|NKG7|TLR8|IL7R|C17orf99|ATAD5|RIF1|BCL6|CRTAM|IL10|IGHV6-1|HPX|EXO1|TREX1|KLRB1|IGHV4-31|IGHV3-74|FCER1G|TRPM4|SLC15A4|FCER1A|PRF1|JAG1|NBN|CD2|KLRK1|CD46|C1QB|SHLD1|CD1A|EBAG9|FBXO38|KIF5B|IL18|RFTN1|IGHV1-58|IGLC7|FCGR1A|IL1R1|ARG1|IGHV3-48|IGHG1|SLAMF7|MSH2|SPN|IL4R|IL4I1|IGLC3|IGKC|BTK|CLC|IGLC2|CD28|AP1G1|CD96|IGLC1,1.61131797182716
GOBP_IMMUNE_RESPONSE_REGULATING_SIGNALING_PATHWAY,8.1668972899982e-06,0.00157621117696965,0.593325476396405,0.463282371406452,1.54743342629735,488,RSAD2|EIF2AK2|PLSCR1|OASL|OAS3|DDX60|TLR7|LGALS9|GBP5|OAS1|TRIM25|IFI35|GFI1|GBP1|IRF7|TNFRSF21|GBP2|CD38|NMI|RIOK3|RIGI|STAP1|VAV3|IGHD|ALPK1|USP15|DHX58|CMTM3|TLR1|PIK3CA|FCGR3A|FYB1|CD300LF|CLEC7A|MEF2C|NOD2|PLEKHA1|ELF1|CD36|SLC46A2|NEK7|FCER2|RC3H1|IGHM|TYROBP|CD8B|BTLA|PIK3R1|TRGC2|RAB11FIP2|IFIH1|MAPK8|FCN1|RC3H2|CD14|MAP3K7|IRF4|ERBIN|CR2|FFAR2|PTK2|BRAF|KLRD1|STMP1|YES1|BIRC2|PUM2|PTPRC|ZAP70|MNDA|STING1|ITK|IGHG3|PAWR|DENND1B|CD8A|HMGB1|HAVCR2|NAIP|MALT1|LGALS3|CD3D|PLCL2|THEMIS|MAPK9|TLR8|BIRC3|NINJ1|TIFA|LIPA|SOS1|CD47|LY96|CLEC4D|WDFY1|SLC15A2|MAP2K6|CD33|SKAP1|MAPK1|PJA2|CLEC4E|KCNJ8|MEFV|LAT|ZNRF1|PRKCE|FCER1G|PSG9|C5AR1|TLR2|RNF31|TRDC|CAV1|SLC15A4|CHUK|NFAM1|FCER1A|BTNL3|FPR1|PPP2CA|XIAP|LILRA2|KLRK1|LSM14A|RPS6KA3|BMX|FER|NOD1|OTUD4|REG3G|IRGM|TBK1|PRAM1|TLR3|RFTN1|IGLC7|FCN3|EPG5|FCGR1A|IRAK3|IGHG1|GCSAM|LTF|FPR2|PRKCQ|IGLC3|C3AR1|CD22|CSNK1A1|IGKC|CARD8|BTK,1.54743342629735
GOBP_RIBOSOME_BIOGENESIS,8.56487373390645e-06,0.00159398417954952,0.593325476396405,-0.435147459571912,-1.56754413362721,313,TSR1|NLE1|FBL|ISG20L2|EXOSC6|PDCD11|RPS4X|RPP25|NOP53|REXO4|RSL1D1|RRP7BP|DDX51|NOP2|PWP2|RPS16|RPS14|NSUN4|RPS12|HABP4|LSG1|YBEY|LAS1L|FDXACB1|NSUN5P2|DDX54|MTERF4|RBFA|NOP9|KRI1|DDX56|ERCC2|ERAL1|RRP8|RPUSD4|MDN1|MPHOSPH10|UTP15|FTSJ3|RPL10|CUL4A|RRP12|DKC1|RRP7A|NOB1|SBDS|GNL2|RPSA|TRAF7|GEMIN4|SIRT7|METTL25B|EIF5|ERI3|SURF6|RPS23|NSA2|TBL3|RPLP0|RPL6|C1QBP|RPS8|NOP58|PPAN|DDX27|RPS21|RPS6|IMP3|RPL5|PELP1|NOC2L|MRTO4|EXOSC2|MPV17L2|TSR3|RPL23A|NOA1|USP36|NGRN|DDX3X|NSUN5P1|RRP1|URB2|ZNF593|WDR55|RPLP0P6|EXOSC10|BYSL|NOLC1|ERI2|RPS27|RPL7A|RPS15A|RRP36|NOP14|RPL11|NAT10|RPL7|UTP14A|MYBBP1A|MRM2|PAK1IP1|MRPS2|RPS5|RPL10A|RIOX2|METTL15P1|RPL7L1|GTF2H5|RPL27|UTP4|RPS3A|NPM1|DDX21|URB1|EMG1|TRMT112|LTV1|RPS11|IMP4|TRMT2B|NOP56|POP7,1.56754413362721
GOBP_RESPONSE_TO_INTERFERON_BETA,9.52310599929602e-06,0.00171120363318385,0.593325476396405,0.788235912916662,1.8914632543536,32,XAF1|STAT1|PLSCR1|IFITM1|OAS1|BST2|UBE2K|IFI16|IFNAR1|MNDA|STING1|IFITM2|IFITM3|TREX1|PNPT1|IRGM|TLR3,1.8914632543536
GOBP_RIBOSOME_ASSEMBLY,1.23567526006518e-05,0.00214636792673323,0.593325476396405,-0.658476179216767,-1.94816141220565,61,NLE1|NOP53|RRP7BP|NOP2|PWP2|RPS14|MTERF4|ERAL1|MDN1|RPL10|RRP7A|SBDS|RPSA|TRAF7|EIF5|RPLP0|RPL6|C1QBP|PPAN|RPL5|MRTO4|MPV17L2|RPL23A|NOA1|NGRN|DDX3X|RPLP0P6|RPS27|RPL11|MRM2|MRPS2|RPS5|NPM1,1.94816141220565
GOBP_B_CELL_MEDIATED_IMMUNITY,1.43653454016622e-05,0.00241476822219553,0.593325476396405,0.543418992627057,1.6960015858078,190,IGHV4-34|IGHV2-26|IRF7|IGHV3-13|IGHD|LIG4|IGHV4-61|TNFSF4|IGHV3-7|IGHV5-51|FCGR3A|IGHV3-11|IGHV3-53|NOD2|IGHV4-59|IGHV1-24|IGHV4-39|FCER2|CD55|IGHV3-21|IGHM|IGHV3-33|IGHV1-18|IGLL5|C1QA|IGHV3-20|TNFSF13|CR2|C4BPB|IL2RB|PTPRC|IGHG3|ZP3|IGHV1-69|IL21R|IGHV3-23|IGHV2-5|SANBR|IGHV4-28|TLR8|C17orf99|ATAD5|RIF1|BCL6|IL10|IGHV6-1|HPX|EXO1|TREX1|IGHV4-31|IGHV3-74|FCER1G|SLC15A4|FCER1A|NBN|CD46|C1QB|SHLD1|IGHV1-58|IGLC7|FCGR1A|IGHV3-48|IGHG1|MSH2|IL4R|IGLC3|IGKC|BTK|IGLC2|CD28|IGLC1|NDFIP1|CD40LG,1.6960015858078
GOBP_ENDOPLASMIC_RETICULUM_TO_GOLGI_VESICLE_MEDIATED_TRANSPORT,1.85373547907563e-05,0.00292721684286761,0.575610261071129,0.579841321656525,1.73717888602214,135,PGAP1|INSIG1|RAB2A|TMED10|SEC24A|LMAN1|BET1|BCAP29|TMED7|ERGIC2|VAMP7|PPP6C|SEC23A|TFG|GOPC|CREB3L2|IER3IP1|GOLT1B|ARF4|YIPF6|YIPF4|RAB1A|TRAPPC2|SEC24D|YIPF5|COG3|TMED5|SORL1|TRAPPC3L|TMED2|SAR1B|USO1|CTAGE9|TRAPPC11|VAPA|SAR1A|TRAPPC8|LMAN2|RINT1|SEC22A|SPAST|KDELR3|SEC23IP|SEC31A|CUL3|ATL3|TRAPPC2L|SCFD1|STX17|CRYZL2P-SEC16B|TRAPPC6B|STX18|TRAPPC13,1.73717888602214
GOBP_NEGATIVE_REGULATION_OF_RESPONSE_TO_CYTOKINE_STIMULUS,1.84407505551758e-05,0.00292721684286761,0.575610261071129,0.668144504553792,1.85528278858091,77,USP18|OAS3|ISG15|OAS1|SAMHD1|ADAR|STAP1|STAT2|CARD16|PXDN|YTHDF3|ZNF675|IL1RN|H2BC11|PTPRC|SLIT2|NAIP|PARP14|TREX1|GSTP1|CAV1|SLIT3|XIAP|PPARG|OTUD4|ARG1|DCST1|IRAK3,1.85528278858091
GOBP_RRNA_METABOLIC_PROCESS,1.94427423023227e-05,0.00297988618051187,0.575610261071129,-0.445880249868777,-1.58188783964369,258,TSR1|TP53|FBL|DIS3L|SMARCB1|EXOSC6|MAPT|PDCD11|RPP25|NOP53|DDX11|REXO4|TCOF1|RSL1D1|RRP7BP|DDX51|NOP2|PWP2|RPS16|RPS14|NCL|NSUN4|DEDD2|YBEY|LAS1L|FDXACB1|NSUN5P2|DDX54|MTERF4|RBFA|NOP9|KRI1|GTF3C2|DDX56|ERCC2|RRP8|RPUSD4|MPHOSPH10|UTP15|FTSJ3|RRP12|DKC1|RRP7A|TRIR|NOB1|SBDS|ANG|POLR1E|GEMIN4|SIRT7|METTL25B|ERI3|NSA2|TBL3|RPS8|NOP58|BRF1|PPAN|DDX27|RPS21|RPS6|IMP3|RPL5|PELP1|MRTO4|EXOSC2|TSR3|USP36|NSUN5P1|RRP1|WDR55|EXOSC10|BYSL|NOLC1|ERI2|RPS27|RPL7A|RRP36|NOP14|RPL11|NAT10|RPL7|UTP14A|GTF3C1|MRM2|RPL10A|METTL15P1|SMARCA4|RPL7L1|DEDD|GTF2H5|RPL27|UTP4|DDX21|MTOR|URB1|EMG1|POLR1G|TRMT112,1.58188783964369
GOBP_RESPONSE_TO_TYPE_II_INTERFERON,2.28388655744418e-05,0.00340038081452618,0.575610261071129,0.581023118882004,1.72749659272602,128,GBP4|STAT1|IFITM1|LGALS9|GBP5|PARP9|GBP1|BST2|GBP2|JAK2|SP100|STXBP3|RAB43|CLDN1|IFNGR1|ACTR2|GBP7|AIF1|DAPK1|IFITM2|IL12B|IFITM3|PARP14|CD47|GBP3|HPX|MEFV|UBD|TLR2|WNT5A|SYNCRIP|ACTR3|PPARG|KIF5B|IRGM|TLR3|ARG1,1.72749659272602
GOBP_PROTEIN_POLYUBIQUITINATION,4.08009468568609e-05,0.00590593705753062,0.557332238758646,0.52091366575715,1.64203351824357,222,UBE2H|IFI27|DTX3L|NMI|RNF146|UBE2D1|TRIM22|ZNRF2|BARD1|UBE2K|MDM2|UBE2E1|FBXO28|PELI2|UBE2V2|ANAPC10|UBE2W|CBFB|UBE2L6|WSB1|NOD2|TRIM38|ANKIB1|RC3H1|TRIM5|MARCHF1|MKRN3|UBE2B|RNF213|KLHL20|RC3H2|FBXO4|TRIM58|NEDD4|FBXL17|MARCHF5|TNKS2|BIRC2|UBE4A|UBE2J1|MARCHF7|CDC27|UBE3A|UBE2C|HACE1|UBE2E2|RMND5A|RNF144A|PARP10|MARCHF6|UBE2R2|FBXO22|NHLRC3|SPOP|KBTBD7|TRIM34|DZIP3|ZNRF1|RNF31|XIAP|NHLRC1|FBXO38|TNKS|CUL3|FBXW11|ZNF738|DTL|UBE2A|ZFP91|RBX1|RFPL3,1.64203351824357
GOBP_CYTOKINE_MEDIATED_SIGNALING_PATHWAY,4.7307938147887e-05,0.00666274772131457,0.557332238758646,0.448058290972597,1.49134569987179,471,USP18|IL6ST|TNFSF13B|STAT1|IFITM1|MX1|OASL|OAS3|OAS2|ISG15|PARP9|OAS1|GFI1|IFI27|IRF7|SAMHD1|CCR5|ADAR|JAK2|STAP1|SPPL2A|SP100|AZI2|ZBP1|VRK2|UBE2K|CD300LF|STAT2|SMAD4|CCR1|CXCL2|IFNGR1|CX3CR1|CARD16|PXDN|YTHDF3|IFIH1|NKIRAS1|IL18RAP|MAP3K7|IL15|SLC1A1|ZNF675|IL1RN|IFNAR1|H2BC11|IL2RB|BIRC2|PTPRC|TNFRSF17|STING1|CCRL2|SLIT2|MFAP3|HIF1A|HDAC4|IFITM2|IL21R|STAT4|NAIP|IL12B|XCR1|USP29|CXCL1|IL7R|BIRC3|IFITM3|SOS1|TNFRSF1A|PARP14|LEPR|HPX|LIMS1|STK39|CSF1R|TREX1|LILRA5|IL20RA|FCER1G|CXCL11|GSTP1|IL22RA2|WNT5A|CAV1|CHUK|PAFAH1B1|SLIT3|XIAP|LILRA2|LSM14A|IL10RB|FER|FAS|PPARG|OTUD4|PDGFB|IL1RAP|IRGM|TBK1|IL18|TMSB4X|NOTCH1|IL1R1|ARG1|DCST1|IRAK3|TANK|IL4R|CXCR1|IL5|CD4|CARD8|CXCR2|TNFRSF11A|CXCL10|LILRA1|IL17A|IRAK4,1.49134569987179
GOBP_CELLULAR_RESPONSE_TO_TYPE_II_INTERFERON,4.92898622659322e-05,0.0067591966386256,0.557332238758646,0.600382098535342,1.73188764492109,105,GBP4|STAT1|LGALS9|GBP5|PARP9|GBP1|GBP2|JAK2|SP100|STXBP3|RAB43|CLDN1|IFNGR1|ACTR2|GBP7|AIF1|DAPK1|IL12B|PARP14|CD47|GBP3|HPX|TLR2|WNT5A|SYNCRIP|ACTR3|PPARG|KIF5B|IRGM|TLR3|ARG1,1.73188764492109
GOBP_POSITIVE_REGULATION_OF_CYTOKINE_PRODUCTION,5.72285806978224e-05,0.00764661882093212,0.557332238758646,0.446835708531456,1.48835866732167,475,RSAD2|EIF2AK2|IL6ST|STAT1|OAS3|OAS2|TLR7|LGALS9|ISG15|GBP5|OAS1|IRF7|MYB|PIK3CG|JAK2|TMED10|RIOK3|RIGI|AKAP12|IGHD|DHX58|MBP|TNFSF4|TLR1|FCGR3A|CLEC7A|HPSE|NOD2|EIF2AK3|TMF1|CD36|SLAMF1|CD55|TYROBP|IFNGR1|PIK3R1|ANXA1|IFIH1|CD244|FCN1|EPHB2|CD14|IFI16|MAP3K7|IRF4|IL15|AIF1|FFAR2|DHX36|STMP1|PTPRC|STING1|ITK|ZP3|HIF1A|DENND1B|CYBB|HLA-F|ATF2|HMGB1|HAVCR2|NAIP|IL12B|B2M|MALT1|SMAD3|RAB1A|MAPK9|TLR8|CD200|CAMK4|CRTAM|SORL1|IL10|LY96|NLRP9|CLEC4E|TOMM70|CSF1R|CHI3L1|MEFV|LILRA5|F2R|FCER1G|XBP1|C5AR1|TLR2|WNT5A|CHUK|NLRP12|NFAM1|ARFGEF2|ATP6AP2|XIAP|CD2|RAD21|LILRA2|KLRK1|CD46|NOX1|PNP|NOD1|RGCC|IL1RAP|TBK1|IL18|TLR3|RFTN1|IL1R1|IRAK3|TANK|SPN|HGF|IL4R|LURAP1|PRKCQ|C3AR1|CD4|CARD8|BTK|TNFRSF8|CD28|MDK|IL26|CLEC9A|IL17A|CD40LG|AFAP1L2|CCR7|PTGS2|NLRP3|GSDMD|G3BP1|CYP1B1|GATA3|C1QTNF3|APOA2|SETD4|IL23R|GPRC5B|LAPTM5|TRIM6|LEP|KLRC4-KLRK1|HHLA2|GLMN|POLR3G|IDO1|HMGB2|GATA4|IL6R|CADM1|TICAM2|EREG|TNXB|FADD|KCNQ1OT1|CHIA|XCL1|USP50|LPL|HLA-A|SIRT1|ARNT|SERPINB7|SPON2|IL13|PIBF1|RUNX1|CLU,1.48835866732167
GOBP_NITRIC_OXIDE_SYNTHASE_BIOSYNTHETIC_PROCESS,6.16406073454789e-05,0.00803023012193227,0.538434096309916,0.851023058640411,1.84714233341331,19,STAT1|JAK2|AKAP12|NOD2|FCER2|NAMPT|SELENOS|MAP2K6|GSTP1|TLR2,1.84714233341331
GOBP_REGULATION_OF_PROTEIN_EXIT_FROM_ENDOPLASMIC_RETICULUM,8.23439712218249e-05,0.0104657179033397,0.538434096309916,0.807481147312992,1.83227284439786,25,INSIG1|UBAC2|TMEM30A|YOD1|ERLEC1|UBE2J1|DERL2|DERL3|SORL1|SAR1B|SAR1A|EDEM1|CRYZL2P-SEC16B|SLC35D3|GCC2,1.83227284439786
GOBP_POSITIVE_REGULATION_OF_TUMOR_NECROSIS_FACTOR_SUPERFAMILY_CYTOKINE_PRODUCTION,0.00010550973877054,0.0130907440174592,0.538434096309916,0.587034811818856,1.69338549601643,105,OAS3|OAS2|LGALS9|OAS1|JAK2|RIGI|AKAP12|TLR1|FCGR3A|CLEC7A|NOD2|CD36|TYROBP|IFNGR1|PIK3R1|IFIH1|EPHB2|CD14|PTPRC|CYBB|HMGB1|HAVCR2|IL12B|LY96|LILRA5|TLR2|WNT5A|ARFGEF2|CD2|LILRA2|NOD1|TLR3|SPN|BTK|TNFRSF8|IL17A,1.69338549601643
GOBP_CYTOSOLIC_PATTERN_RECOGNITION_RECEPTOR_SIGNALING_PATHWAY,0.000120273556533513,0.0144440694957003,0.538434096309916,0.547334745605274,1.65847007983307,147,RSAD2|EIF2AK2|OASL|OAS3|DDX60|TLR7|GBP5|OAS1|TRIM25|IRF7|GBP2|RIOK3|RIGI|ALPK1|USP15|DHX58|NOD2|CD36|SLC46A2|NEK7|IFIH1|MAPK8|MAP3K7|ERBIN|STMP1|BIRC2|PUM2|STING1|HMGB1|HAVCR2|TLR8|BIRC3|TIFA|WDFY1|SLC15A2|MAP2K6|KCNJ8|MEFV|CAV1|SLC15A4|PPP2CA|XIAP|LSM14A|NOD1|IRGM|TBK1|TLR3|RFTN1|EPG5,1.65847007983307
GOBP_NCRNA_PROCESSING,0.000121961055039496,0.0144440694957003,0.538434096309916,-0.380340992347645,-1.41693984624697,430,TSR1|TP53|METTL8|PUS1|FBL|EXOSC6|SPOUT1|PDCD11|RPP25|NOP53|REXO4|RSL1D1|RRP7BP|DDX51|NOP2|PWP2|RPS16|RPS14|ADAT3|NSUN4|DALRD3|PUSL1|YBEY|TSEN54|LAS1L|FDXACB1|NSUN5P2|DDX54|MTERF4|WDR6|RBFA|AKT1|NOP9|KRI1|DDX56|CDK5RAP1|TRIT1|TRMT61A|TYW1|ERCC2|TRMT2A|INTS5|RRP8|TRMO|ELP5|RPUSD4|MPHOSPH10|UTP15|FTSJ3|DUS2|THG1L|RRP12|DKC1|RRP7A|INTS3|NOB1|SBDS|ADAT2|TDRKH|PTCD1|SRRT|GEMIN4|SIRT7|METTL25B|IL6|INTS4|NCBP2|INTS7|ERI3|NSA2|TBL3|DUS1L|RPS8|NOP58|PPAN|LAGE3|CTU2|DDX27|RPS21|RPS6|PNLDC1|ELAC2|DGCR8|TDRD12|IMP3|RPL5|PELP1|MRTO4|EXOSC2|TSR3|METTL2B|USP36|DDX5|DDX3X|NSUN5P1|RRP1|INTS1|WDR55|FARS2|H19|EXOSC10|BYSL|NOLC1|ERI2|RPS27|RPL7A|GTPBP3|TOE1|PLD6|RRP36|QTRT1|NOP14|CTU1|RPL11|PRKRA|NAT10|LCMT2|RPL7|HENMT1|UTP14A|RPP21|MRM2|TUT7|TRMT1|TUT1|PARN|RPL10A|METTL15P1|YRDC|KARS1|RPL7L1|TSEN34|TARBP1|GTF2H5|RPL27|UTP4|ELP1|DDX21|TRMU|URB1|EMG1|TRMT112|TRMT44|IMP4|TRMT2B|TRMT12|PUS10|SARS1|NOP56|POP7,1.41693984624697
GOBP_ACTIVATION_OF_GTPASE_ACTIVITY,0.000150755491393989,0.0162871703201489,0.518848077743792,-0.537469964227078,-1.68526910081317,94,SGSM1|AGAP3|TBC1D9B|ARHGAP25|TBC1D9|TAX1BP3|TBC1D17|TBC1D2|TBC1D12|DOCK7|GMIP|RASGRF1|SGSM2|SYDE2|EVI5L|TBC1D10C|CORO1C|RAP1GAP2|ARHGEF19|SLC27A4|TBC1D22A|GARNL3|SIPA1|ARHGAP45|TBC1D10B|AGAP2|PIP5K1A|TBC1D26|TBC1D10A|ARHGAP24|TBC1D13|TBC1D8B|SCRIB|RHOG|MTSS2|RANGAP1,1.68526910081317
GOBP_ESTABLISHMENT_OF_PROTEIN_LOCALIZATION_TO_ENDOPLASMIC_RETICULUM,0.000149122190304468,0.0162871703201489,0.518848077743792,0.703489749394018,1.81525096472032,45,MAN1A1|TRAM1|RAB3GAP1|SRP9|SPCS3|SGTB|SSR3|SEC63|SPCS2|VPS54|SEC62|SNAP25-AS1|SPCS1|SRP72|SRP54|TTC9-DT|EDEM1|RAB10|RAB3GAP2|SEC61G|SEC61B,1.81525096472032
GOBP_POSITIVE_REGULATION_OF_NITRIC_OXIDE_SYNTHASE_BIOSYNTHETIC_PROCESS,0.000146032308344644,0.0162871703201489,0.518848077743792,0.854968342720238,1.80008388105015,16,STAT1|JAK2|AKAP12|NOD2|FCER2|NAMPT|MAP2K6|TLR2,1.80008388105015
GOBP_PROTEIN_EXIT_FROM_ENDOPLASMIC_RETICULUM,0.00014245997476268,0.0162871703201489,0.518848077743792,0.70308674551244,1.84016507229317,49,INSIG1|UBAC2|LMAN1|TMEM30A|SEL1L|YOD1|ERLEC1|HM13|UBE2J1|RHBDD1|DERL2|DERL3|SELENOS|SORL1|SAR1B|SAR1A|HSP90B1|EDEM1|CRYZL2P-SEC16B|SEC61B|SLC35D3|GCC2,1.84016507229317
GOBP_RESPONSE_TO_ENDOPLASMIC_RETICULUM_STRESS,0.000153151284914085,0.0162871703201489,0.518848077743792,0.484572364595045,1.5412745288884,261,EIF2AK2|MAN1A1|TRIM25|FAM8A1|TMX1|DNAJC3|FBXO6|STT3B|UBAC2|ERP44|CANX|AFF4|THBS4|NOD2|EIF2AK3|USP25|NCK1|UBXN4|PARP8|UFL1|MAN1A2|USP14|PIK3R1|SEL1L|ITPR1|CREBZF|AQP11|EDEM3|NFE2L2|YOD1|MBTPS2|NCK2|TMEM33|TRIM13|CREB3L2|ERLEC1|CHAC1|HM13|UBE4A|UBE2J1|DNAJB9|RHBDD1|PIGBOS1|COPS5|MANF|BHLHA15|DERL2|MARCHF6|RASGRF2|DERL3|ATF3|SELENOS|SERP1|UFM1|TARDBP|TMED2|KCNJ8|TMTC3|ATXN3|RNF175|PDIA6|XBP1|CAV1|HSP90B1|PDIA4|NGLY1|NOD1|NHLRC1|NRBF2|EDEM1|DNAJC10|SERINC3|TMCO1|PML|OPA1|ERP27|GSK3B|FICD|UBA5|FBXO27|SEC61B|PSMC6,1.5412745288884
GOBP_NEGATIVE_REGULATION_OF_CELLULAR_RESPONSE_TO_GROWTH_FACTOR_STIMULUS,0.000167213466029797,0.0174269874296254,0.518848077743792,0.579768877476153,1.66988406222606,104,SKIL|GPR155|UBE2D1|CTDSPL2|XDH|LEMD3|TRIM33|SPRY1|TNFAIP6|PPM1A|NEDD4|CADM4|LRP2|SLIT2|NIBAN2|EMILIN1|SMAD7|IL12B|CASK|SORL1|FBN1|SMAD6|SPART|HHEX|WNT5A|PIK3CB|PPARG|NOTCH1|HTRA1|MMRN2|SPRY3|DCN|SPRY2|GATA3|CXCL13|CHRDL1|DLX1,1.66988406222606
GOBP_ENTRY_INTO_HOST,0.000178692659778413,0.0182581852961826,0.518848077743792,0.520808500432209,1.59729737167897,163,LAMP3|PLSCR1|IFITM1|SCARB2|LGALS9|TRIM25|SIGLEC1|CCR5|ITGA5|TRIM22|CTSL|TRIM38|LY6E|SLAMF1|CD55|CLDN1|TRIM5|FCN1|TRIM58|CR2|LDLR|SELPLG|IFITM2|CDK1|HMGB1|IFITM3|KPNA3|CDHR3|TRIM34|NECTIN4|NCAM1|NECTIN3|CAV1|CD46|GYPA|LRRC15|EPS15|FCN3|XPR1|CD4|UVRAG|GPR15|RFPL3,1.59729737167897
GOBP_DISRUPTION_OF_ANATOMICAL_STRUCTURE_IN_ANOTHER_ORGANISM,0.000182663332867469,0.0183049736071612,0.518848077743792,0.58963898920576,1.68976094483733,94,GBP5|GBP1|GBP2|CLEC7A|FCER2|SCNN1B|GBP7|LYZ|H2BC11|GZMB|MICA|NKG7|NINJ1|APOL1|GBP3|PRF1|REG3G|GZMH|CHGA|MUC7|ARG1|LTF,1.68976094483733
GOBP_POSITIVE_REGULATION_OF_PATTERN_RECOGNITION_RECEPTOR_SIGNALING_PATHWAY,0.000186281140555708,0.0183153023289772,0.518848077743792,0.652452730492214,1.78798587414701,64,RSAD2|OASL|DDX60|GBP5|IFI35|GBP2|USP15|DHX58|TLR1|CD36|SLC46A2|NEK7|MAPK8|CD14|STMP1|PUM2|HMGB1|NINJ1|WDFY1|PJA2|ZNRF1|CAV1|SLC15A4|PPP2CA,1.78798587414701
GOBP_GOLGI_VESICLE_TRANSPORT,0.000205148086914369,0.0183529325081737,0.518848077743792,0.468022829630901,1.50089200954812,296,PGAP1|INSIG1|RAB2A|TMED10|ATP9A|SEC24A|LMAN1|BET1|RAB12|LYPLA1|BCAP29|TMED7|EXOC5|ERGIC2|VAMP7|TBC1D14|SCAMP1|PPP6C|SEC23A|RP2|ACSL3|CNST|TFG|GOPC|VPS54|RAB14|KLHL20|VAMP5|NAPG|WIPI1|MON2|OSBPL5|RAB8B|CREB3L2|IER3IP1|VPS13A|NAPA|MYO1B|GOLT1B|ARF4|STX6|YIPF6|YIPF4|SYS1|RAB1A|EXOC6|EXOC1|TRAPPC2|SEC24D|YIPF5|SLC10A7|COMMD1|COG3|TMED5|ATP2C1|SORL1|TRAPPC3L|TMED2|SAR1B|USO1|CTAGE9|ANKFY1|TRAPPC11|CCDC91|STEAP2|VAPA|SAR1A|TRAPPC8|ARFGEF2|LMAN2|RINT1|SEC22A|AP1AR|ARFGAP3|SPAST|CLN3|PITPNB|KDELR3|SEC23IP|EPS15|SEC31A|BLZF1|CUL3|ATL3|VPS13C|RAB13|TRAPPC2L|RSC1A1|SCFD1|RAB10|UVRAG|STX17|SNX1|CRYZL2P-SEC16B|AP1G1|TRAPPC6B|GOLPH3L|STX18|TRAPPC13|RAB6B|GCC2|SORT1|PREPL|KDELR2|LAPTM5|COG4|RAB6D,1.50089200954812
GOBP_MYELOID_LEUKOCYTE_ACTIVATION,0.000207795628091009,0.0183529325081737,0.518848077743792,0.489987067821344,1.54514363974563,233,PLSCR1|LGALS9|IFI35|PIK3CG|NMI|JAK2|STAP1|PLPP6|TLR1|ADAM10|FCGR3A|CD300LF|SNX4|STXBP3|VAMP7|SLAMF1|FCER2|SCNN1B|PLA2G4A|TYROBP|IFNGR1|CX3CR1|ANXA1|PTGDR|IL18RAP|C1QA|IRF4|IL15|AIF1|LDLR|PTPRC|TSPAN32|SNX6|CRTC3|HMGB1|HAVCR2|GPR137B|CD200|CAMK4|RAB44|RBPJ|IL10|CLEC4D|CD33|PJA2|DCSTAMP|STK39|KCNJ8|TREX1|LAT|PRKCE|UBD|FCER1G|C5AR1|TLR2|WNT5A|FCER1A|CD2|LILRA2|BATF3|FER|IRGM|GATA2|PRAM1|IL18|TLR3|CHGA|GATA1|IL4R|TGFBR2|BTK|CXCR2|ANXA3|CD177|DYSF,1.54514363974563
GOBP_NEGATIVE_REGULATION_OF_TYPE_I_INTERFERON_MEDIATED_SIGNALING_PATHWAY,0.000193193740090625,0.0183529325081737,0.518848077743792,0.822895660339766,1.81498103211661,20,USP18|OAS3|ISG15|OAS1|SAMHD1|ADAR|STAT2|YTHDF3|TREX1,1.81498103211661
GOBP_POSITIVE_REGULATION_OF_VIRAL_GENOME_REPLICATION,0.000195010965078818,0.0183529325081737,0.518848077743792,0.755946005613765,1.79007381580458,30,IFIT1|ADAR|PKN2|TRIM38|GBP7|ADARB1|FKBP6|NOTCH1|STAU1|TOP2A|CD28|CNOT7|TOP2B,1.79007381580458
GOBP_REGULATION_OF_CHROMOSOME_SEGREGATION,0.000201279508849915,0.0183529325081737,0.518848077743792,0.550387967799639,1.63641223240957,128,PLSCR1|RB1|FBXO5|KNL1|RMI2|CENPF|SMC4|BCL7A|DPF3|SMARCD3|KIF2C|PBRM1|BUB1B|NUF2|ZWINT|MAD2L1|BUB1|PUM2|CDC27|UBE2C|CDK1|CCNB1|AURKB|SMARCE1|NCAPH|TRIP13|PHF10|DYNC1LI1|ZNF207|ZWILCH|BIRC5|SMC2|CENPE|CDC6|MKI67|NSMCE2|SMC5|HECW2|RAD21|PSMG2|NCAPG|NDC80|BUB3|RAD18|CUL3|DLGAP5|PLK1|PUM1|CSNK2A2|RCC2|MAD2L1BP|CDC20|CDCA2|MAD1L1|ARID1B|ESPL1|APC|TTK|KAT2B,1.63641223240957
GOBP_REGULATION_OF_TYPE_I_INTERFERON_MEDIATED_SIGNALING_PATHWAY,0.000205187346614363,0.0183529325081737,0.518848077743792,0.717819675024396,1.81304954419797,40,USP18|OAS3|ISG15|OAS1|IRF7|SAMHD1|ADAR|ZBP1|UBE2K|STAT2|YTHDF3|STING1|USP29|TREX1|WNT5A|LSM14A|TBK1|DCST1,1.81304954419797
GOBP_PROTEIN_RNA_COMPLEX_ORGANIZATION,0.000241656419156307,0.0209878600037253,0.518848077743792,-0.437191844634515,-1.52008280347289,227,HSP90AB1|NLE1|PRPF19|EIF3L|HSP90AA1|PRPF3|SF3B2|EIF2S3|NOP53|EIF3F|PRMT7|RRP7BP|PRPF6|RNU5A-1|EIF3B|NOP2|PWP2|EIF3D|RPS14|RNU5B-1|EIF2D|RNU4ATAC|VCP|ERAL1|EIF3A|MDN1|SF3B4|RPL10|SART3|RRP7A|RPL13A|PRPF8|RPSA|RNU6-1|TRAF7|DDX23|GEMIN4|PUF60|GEMIN7|EIF5|KLC1|SNRNP200|KHDC4|RPLP0|RPL6|SNRPF|PPAN|RBMX2|LSM2|RPL5|DHX9|MRTO4|RPL23A|EIF3I|PRMT5|CD2BP2|SF3A3|EIF3K|RPLP0P6|RPS27|RPL11|SF1|PRKRA|PTGES3|MRM2|RPS5|NOPCHAP1|SFSWAP|ZRSR2|RNU4-1|BUD13|EIF3C|RNU6ATAC|LSM4|SRSF5,1.52008280347289
GOBP_REGULATION_OF_PATTERN_RECOGNITION_RECEPTOR_SIGNALING_PATHWAY,0.000250633053193577,0.0214106367244546,0.49849310876659,0.537172770496335,1.6191051350609,138,RSAD2|EIF2AK2|OASL|DDX60|GBP5|IFI35|GFI1|IRF7|GBP2|RIOK3|USP15|DHX58|TLR1|CD300LF|NOD2|CD36|SLC46A2|NEK7|PIK3R1|MAPK8|CD14|IRF4|ERBIN|STMP1|BIRC2|PUM2|HMGB1|BIRC3|NINJ1|WDFY1|SLC15A2|PJA2|MEFV|ZNRF1|CAV1|SLC15A4|PPP2CA|XIAP|LILRA2|OTUD4|IRGM|IRAK3|LTF|CSNK1A1|CARD8|BTK,1.6191051350609
GOBP_BIOLOGICAL_PROCESS_INVOLVED_IN_SYMBIOTIC_INTERACTION,0.000274881183724316,0.0231033201352808,0.49849310876659,0.462668742665051,1.48950945002753,313,LAMP3|PLSCR1|IFITM1|IFIT1|SCARB2|LGALS9|TRIM25|IFI27|SIGLEC1|CCR5|JAK2|ITGA5|TRIM22|CTSL|CHMP5|STOM|ARL8B|CHMP2B|NOD2|TRIM38|LY6E|SLAMF1|SCNN1B|CD55|TMEM41B|CLDN1|TRIM5|CX3CR1|VPS4B|FMR1|FCN1|TRIM58|SAP30|CR2|LDLR|SELPLG|IFITM2|CDK1|NUCKS1|HMGB1|CHMP1B|IFITM3|KPNA3|APOL1|THOC3|CDHR3|TARDBP|TRIM34|NECTIN4|INHBB|CSF1R|TSG101|NCAM1|VAPA|NECTIN3|REST|CAV1|PIK3C2G|SMC5|LEF1|CD46|GYPA|LRRC15|EPS15|FCN3|ARG1|XPR1|LTF|POU2F3|CD4|UVRAG|PPIB|GPR15,1.48950945002753
GOBP_BIOLOGICAL_PROCESS_INVOLVED_IN_INTERACTION_WITH_HOST,0.000284436127892646,0.0235269311499774,0.49849310876659,0.508569283560828,1.59158345696605,209,LAMP3|PLSCR1|IFITM1|IFIT1|SCARB2|LGALS9|TRIM25|SIGLEC1|CCR5|ITGA5|TRIM22|CTSL|CHMP5|ARL8B|CHMP2B|TRIM38|LY6E|SLAMF1|CD55|CLDN1|TRIM5|VPS4B|FCN1|TRIM58|CR2|LDLR|SELPLG|IFITM2|CDK1|HMGB1|CHMP1B|IFITM3|KPNA3|THOC3|CDHR3|TRIM34|NECTIN4|INHBB|TSG101|NCAM1|VAPA|NECTIN3|CAV1|CD46|GYPA|LRRC15|EPS15|FCN3|XPR1|LTF|CD4|UVRAG|GPR15,1.59158345696605
GOBP_DEOXYRIBONUCLEOTIDE_METABOLIC_PROCESS,0.000297965737770366,0.0237585584427069,0.49849310876659,0.711042590760119,1.7959321678375,40,CMPK2|SAMHD1|RRM2B|DPYD|DCK|XDH|TYMP|TBPL1|TYMS|NT5M|RRM2|NEIL1|PNP|ADK|ADA|GDA|SHMT1|RRM1|DERA,1.7959321678375
GOBP_NEGATIVE_REGULATION_OF_ESTABLISHMENT_OF_PROTEIN_LOCALIZATION,0.000300013480919046,0.0237585584427069,0.49849310876659,0.556616956263555,1.64763398135869,121,RSAD2|IRS1|FOXO1|INSIG1|UBAC2|SP100|BARD1|LMAN1|LYPLA1|CCN3|CD36|KLF7|NF1|YOD1|CORO2B|FFAR2|ERLEC1|UBE2J1|KCNE1|IL12B|NDFIP2|DERL2|CD200|SYT4|DERL3|PKIG|UFM1|INHBB|APOD|F2R|REST|VSNL1|SUMO1|SIAH3|CHGA,1.64763398135869
GOBP_PRODUCTION_OF_MOLECULAR_MEDIATOR_OF_IMMUNE_RESPONSE,0.000300914384421158,0.0237585584427069,0.49849310876659,0.463403056945745,1.49326243904793,306,RSAD2|TLR7|IGLV3-19|SAMHD1|BST2|IGLV2-18|RIGI|LIG4|TNFSF4|CLEC7A|NOD2|IGLV1-47|CD36|SLAMF1|IGLV1-40|CD55|IGKV3D-20|CD244|MZB1|EPHB2|TNFSF13|MAP3K7|IGLV3-1|FFAR2|DHX36|PTPRC|IGLV2-23|IGKV1-37|UBE2J1|DNAJB9|IGKV3D-11|IGKV2D-24|IGKV1-12|DENND1B|IGKV6-21|IGKV1D-17|IGLV1-51|HLA-F|IGKV1D-39|SMAD7|SANBR|IGKV2D-29|IGKV3-20|IGKV1D-33|B2M|MALT1|IGLV5-45|VPREB3|XRCC4|POLB|IGKV1D-8|CAMK4|C17orf99|ATAD5|IGKV2-24|RIF1|BCL6|IL10|HPX|EXO1|IGLV3-27|IGLV7-46|TREX1|IGKV1-8|IGLV3-25|XBP1|WNT5A|TRPM4|SLC15A4|VPREB1|NBN|IGKV1-27|IGLV4-69|IGKV3-15|SHLD1|NOD1|IGKV1-5|IL18|TLR3|IGKV5-2|IL1R1|ARG1|IRAK3|MSH2|IL4R|IL5|CD22|IGLV3-21|IGKV2D-26|BTK|CLC|CD28|CD96|IL17A|NDFIP1|CD40LG|NLRP3|GATA3|APOA2|IGLV4-3|IGLV1-44|GPRC5B|LAPTM5|TRIM6|IGLV7-43|IGKV2D-28|HMCES|IGKV1D-43|TICAM2|IGKV6D-41|IGKV3D-15|ATG5|IGLV2-14|XCL1|IGKV1-6|HLA-A|IGLV5-48|SIRT1|IGLV3-22|RNF168|SPON2|AXL|IL13|CD226|ARID5A|CLNK|LILRB4|IL1B|TRAV19|THOC1|MLH1|INAVA|TRDV1|IGLV10-54,1.49326243904793
GOBP_DEOXYRIBONUCLEOSIDE_MONOPHOSPHATE_METABOLIC_PROCESS,0.000397493717961949,0.030915518870145,0.49849310876659,0.790921260504342,1.75880957512146,22,DPYD|DCK|XDH|TYMP|TYMS|TK2|NT5M|TK1|PNP|ADK|ADA|GDA|SHMT1|NT5C2,1.75880957512146
GOBP_NEGATIVE_REGULATION_OF_TRANSPORT,0.000448537073637407,0.0339412273287635,0.49849310876659,0.438618849806916,1.44367425660416,411,RSAD2|IRS1|PLSCR1|FOXO1|LGALS9|INSIG1|CAMK2D|ATP9A|PKD2|UBAC2|RAP1A|RAP1BL|SP100|BARD1|PTEN|LMAN1|CD300LF|LYPLA1|CCN3|RAP1B|CLIC2|STXBP3|CD36|ARFIP1|KLF7|SERPINE2|PPP3CB|ANXA1|NF1|VPS4B|FMR1|GOPC|EPHB2|YOD1|FKBP1A|NEDD4|PPP3R1|YWHAQ|FFAR2|SDCBP|BRAF|ERLEC1|UBE2J1|PICALM|PIP4P2|CRBN|KCNE1|HLA-F|HMGB1|IL12B|NDFIP2|LGALS3|TSPO|DERL2|CD200|LRRTM2|SYT4|DERL3|PKIG|COMMD1|SELENOS|TNFRSF1A|CD47|UFM1|OSTN|CD33|STK39|INHBB|APOD|ATG3|PRKCE|F2R|TLR2|REST|KCNE4|CAB39|VSNL1|CAV1|HECW2|SUMO1|SESTD1|MTMR2|SIAH3|PTGER3|NOTCH1|CHGA|OAZ2|RSC1A1|ATP7A|TBC1D4|KCNE3|ADA|MMP9|PROM2|DYSF|NDFIP1|ATP1A2|TRDN|PTGS2|GABRE|INHBA|APOA2|MRLN|UBR3|LEP|TRH|EGF|TRAT1|CALM2|PFKL|KCNB1|NPSR1|GRM7|ATG5|NOS3|UBQLN1|VIP|SFRP1|PPP3CA|ABCG5|TACR2|NR1H3|CRH|CABP1|STXBP6|SLN,1.44367425660416
GOBP_RESPONSE_TO_TOPOLOGICALLY_INCORRECT_PROTEIN,0.000449423274934693,0.0339412273287635,0.49849310876659,0.512031368129303,1.56495231957698,157,EIF2AK2|TRAM1|DNAJC3|FBXO6|STT3B|CREBRF|ERP44|UBE2W|THBS4|EIF2AK3|NCK1|UBXN4|PARP8|UFL1|PIK3R1|CREBZF|EDEM3|NFE2L2|YOD1|MBTPS2|NCK2|TMEM33|CREB3L2|ERLEC1|CHAC1|DNAJB14|DNAJB9|RHBDD1|PIGBOS1|HSPA4|COPS5|MANF|BHLHA15|DERL2|DERL3|ATF3|SELENOS|SERP1|TMED2|ATXN3|XBP1|NGLY1|PACRG|HSPA6|ABCB10|HSPA2|EDEM1|CUL3|DNAJC10,1.56495231957698
GOBP_NEGATIVE_REGULATION_OF_RESPONSE_TO_BIOTIC_STIMULUS,0.000463516300130388,0.0345054777139922,0.49849310876659,0.52445289328448,1.58867543736197,144,USP18|OAS3|LGALS9|ISG15|OAS1|SAMHD1|PPM1B|ADAR|NMI|RIOK3|USP15|DHX58|STAT2|TRIM38|PPP6C|USP38|CARD16|YTHDF3|IFI16|SERPINB9|ERBIN|TRIB1|KLRD1|ATG12|HLA-F|MICA|HAVCR2|AURKB|PARP14|TREX1|MEFV|LILRA2|PPARG|IRGM|DTX4|ARG1|DCST1|IRAK3|LTF|IL4I1|CSNK1A1|CARD8,1.58867543736197
GOBP_NEGATIVE_REGULATION_OF_PROTEIN_EXIT_FROM_ENDOPLASMIC_RETICULUM,0.000495653313575203,0.0363781608033857,0.477270815362862,0.889977840704574,1.70663921124725,10,INSIG1|UBAC2|YOD1|ERLEC1|UBE2J1|DERL2|DERL3,1.70663921124725
GOBP_SPLICEOSOMAL_TRI_SNRNP_COMPLEX_ASSEMBLY,0.000504650552264766,0.0365240837201624,0.477270815362862,-0.749899306467331,-1.84338589932528,24,PRPF19|PRPF3|PRPF6|RNU5A-1|RNU5B-1|RNU4ATAC|SART3|PRPF8|RNU6-1|LSM2|CD2BP2|RNU4-1|RNU6ATAC,1.84338589932528
GOBP_POSITIVE_REGULATION_OF_CELL_CYCLE_PROCESS,0.000513020262365273,0.0366212135230882,0.477270815362862,0.476281063220371,1.50834766365556,245,PLSCR1|RB1|SLF1|CDC25C|RRM2B|FBXO5|SASS6|UBXN2B|MDM2|PKN2|CDC25B|SMC4|RAD51AP1|MAP10|SMARCD3|RAD51C|ANXA1|VPS4B|UBE2B|PHIP|KCNA5|AIF1|STIL|MAD2L1|CDC73|BUB1|UBE2C|CDK1|KIF23|UBE2E2|CCNB1|CUL4B|AURKB|NUSAP1|NCAPH|RAD51B|ATAD5|CDC25A|MTBP|ANKRD31|IGF1|DYNC1LI1|SLF2|PRKCE|KIF20B|KIF14|BIRC5|WNT5A|SMC2|CDC6|SOX15|MACROH2A1|NSMCE2|PLK4|RRM2|SMC5|FEN1|RAD21|NCAPG|NDC80|SPAST|RGCC|PDGFB|EZH2|TAS2R13|HSPA2|RAD18|CUL3|DLGAP5|PKP4|DTL|ECT2|DBF4|CD28|RCC2|MAD2L1BP|PLRG1|TMOD3|CIT|CDC20|RRM1|EGF|MAD1L1|TGFA|HOXA13|EREG|ESPL1|MSX2,1.50834766365556
GOBP_MDA_5_SIGNALING_PATHWAY,0.000544601260559979,0.0383502320105142,0.477270815362862,0.891006835822619,1.75570973850794,11,OAS3|DDX60|IRF7|RIOK3|DHX58|IFIH1,1.75570973850794
GOBP_NEGATIVE_REGULATION_OF_INNATE_IMMUNE_RESPONSE,0.00057761181493514,0.0401324689016936,0.477270815362862,0.587100934781269,1.65763840045168,87,USP18|OAS3|LGALS9|ISG15|OAS1|SAMHD1|ADAR|NMI|USP15|DHX58|STAT2|PPP6C|USP38|YTHDF3|IFI16|SERPINB9|KLRD1|ATG12|HLA-F|MICA|HAVCR2|AURKB|PARP14|TREX1|PPARG|DTX4|ARG1|DCST1|IRAK3,1.65763840045168
GOBP_ATTACHMENT_OF_SPINDLE_MICROTUBULES_TO_KINETOCHORE,0.000617847932074585,0.0423632312373772,0.477270815362862,0.676231675100315,1.76987820811633,49,RB1|KNL1|KIF2C|ABRAXAS1|CENPC|NUF2|NSL1|CCNB1|AURKB|SGO1|ZNF207|ZWILCH|DSN1|PMF1|BIRC5|CENPE|NDC80|BUB3|CDT1|ECT2|RCC2|MAD1L1|APC|KNSTRN|KAT2B|ABRAXAS2|RACGAP1|TEX14,1.76987820811633
GOBP_REGULATION_OF_CELL_CYCLE_PHASE_TRANSITION,0.00066411797355552,0.0449443994830885,0.477270815362862,0.421925167129675,1.39336251907918,421,PARP9|CDK6|BRCA2|RB1|DTX3L|FBXO6|CDC25C|RRM2B|PKD2|FBXO5|BARD1|PTEN|SASS6|MDM2|KNL1|CENPF|CDC25B|KANK2|APBB2|BCL7A|DPF3|BRIP1|UFL1|SMARCD3|BLM|RAD51C|ANXA1|VPS4B|ID2|FBXO4|KCNA5|MBTPS2|ABRAXAS1|PBRM1|AIF1|BUB1B|SLFN11|NUF2|STIL|ZWINT|MAD2L1|CDC73|BUB1|DACT1|PSME2|FOXN3|CHEK1|UBE2C|CDK1|ATF2|UBE2E2|CCNB1|CUL4B|AURKB|SMARCE1|CRADD|CDKN2B|RAD51B|ATAD5|CDC25A|TRIP13|MTBP|PHF10|RBL1|DYNC1LI1|TREX1|ETAA1|ZNF207|ZWILCH|UBD|KIF14|BIRC5|CENPE|CDC6|GTSE1|NBN|MACROH2A1|RINT1|NSMCE2|PABIR1|FEM1B|PPP2CA|RRM2|INIP|CDKN1B|CDKN2C|HECW2|RAD21|PSMG2|NDC80|RGCC|CDC45|EZH2|BUB3|RBBP8|HSPA2|CUL3|DLGAP5|SOX2|CDT1|NSUN2|MSH2|TMEM14B|STK33|PLK1|DTL|MN1|PML|DBF4|TCIM|ANLN|HUS1B|ATR|DNA2|TAOK1|PKMYT1|TIPRL|RNASEH2B|SDE2|RCC2|MAD2L1BP|DONSON|PLRG1|INHBA|TMOD3|CDC5L|TIPIN|CDC20|ERCC6|RRM1|MRE11|WAC,1.39336251907918
GOBP_REGULATION_OF_STRIATED_MUSCLE_TISSUE_DEVELOPMENT,0.00069575591176024,0.0464818468741361,0.477270815362862,0.82331247438379,1.76470189441254,17,CENPF|CREB1|MTPN|LUC7L|SMAD3|SOX15|LEF1|LOX,1.76470189441254
GOBP_CELL_KILLING,0.000717552775629546,0.0473312343519692,0.477270815362862,0.478035603936439,1.50412757166894,217,LGALS9|GBP5|GBP1|RAB27A|GBP2|STAP1|STX7|ARL8B|FCGR3A|CLEC7A|TAP2|VAMP7|FCER2|SCNN1B|CD55|TYROBP|CX3CR1|PPP3CB|MAPK8|IL18RAP|GBP7|LYZ|SERPINB9|HPRT1|KLRD1|H2BC11|GZMB|PTPRC|HLA-F|MICA|HAVCR2|IL12B|B2M|NKG7|IL7R|NINJ1|CRTAM|IL10|APOL1|GBP3|CD5L|CD59|KLRB1|PRF1|CD2|KLRK1|CD1A|EBAG9|KIF5B|GZMH|IL18|CHGA|FCGR1A|MUC7|ARG1|IGHG1|SLAMF7|LTF,1.50412757166894
GOBP_INTRACELLULAR_RECEPTOR_SIGNALING_PATHWAY,0.000748987132418578,0.0486171592312262,0.477270815362862,0.434701382063173,1.41245100844531,348,RSAD2|EIF2AK2|OASL|OAS3|DDX60|TLR7|GBP5|OAS1|TRIM25|IRF7|GBP2|NCOA2|JAK2|RIOK3|RIGI|ALPK1|USP15|THRB|DHX58|KANK2|NOD2|TMF1|CD36|SLC46A2|NEK7|UFL1|VDR|IFIH1|MAPK8|NR3C1|MAP3K7|NEDD4|CITED2|ERBIN|PIM1|STMP1|BIRC2|PUM2|STING1|UBE3A|PRCP|HMGB1|HAVCR2|CYP26A1|TLR8|BIRC3|KDM4C|TIFA|PIAS2|DHRS3|UFM1|WDFY1|NR2F2|SLC15A2|MAP2K6|LMO3|CTBP2|MAPK1|LATS1|KCNJ8|MEFV|CAV1|SLC15A4|STRN3|DCBLD2|PPP2CA|TRIM24|XIAP|LSM14A|NR1D2|NOD1|PPARG|IRGM|TBK1|TLR3|EZH2|RFTN1|EPG5|AHRR|MN1|CSNK1A1|PML|CARD8|BTK|CNOT2,1.41245100844531
GOBP_NEGATIVE_REGULATION_OF_INTRACELLULAR_PROTEIN_TRANSPORT,0.000766351519536775,0.0486171592312262,0.477270815362862,0.685119092733356,1.75975055696224,43,INSIG1|UBAC2|SP100|BARD1|LMAN1|CD36|NF1|YOD1|ERLEC1|UBE2J1|KCNE1|DERL2|DERL3|PKIG|UFM1|APOD|SUMO1|SIAH3,1.75975055696224
GOBP_POSITIVE_REGULATION_OF_CELL_CYCLE,0.000774366573823023,0.0486171592312262,0.477270815362862,0.44748711848614,1.44315642642637,316,PLSCR1|BRCA2|RB1|SLF1|CDC25C|RRM2B|PKD2|FBXO5|SASS6|UBXN2B|MDM2|PKN2|CDC25B|SMC4|RAD51AP1|MAP10|SMARCD3|RAD51C|ANXA1|VPS4B|UBE2B|PHIP|MAP3K7|KCNA5|CITED2|AIF1|STIL|MAD2L1|CDC73|BUB1|CHEK1|UBE2C|CDK1|KIF23|UBE2E2|CCNB1|CUL4B|AURKB|NUSAP1|NCAPH|RAD51B|ATAD5|CDC25A|MTBP|ANKRD31|IL10|CCPG1|IGF1|DYNC1LI1|RBM46|SLF2|DYNLT3|FGFR2|PRKCE|KIF20B|KIF14|MEIS2|BIRC5|WNT5A|SMC2|CDC6|SOX15|PAFAH1B1|MACROH2A1|PSRC1|NSMCE2|PLK4|RRM2|SMC5|FEN1|RAD21|NCAPG|NDC80|SPAST|RGCC|PDGFB|EZH2|TAS2R13|HSPA2|RAD18|CUL3|DLGAP5|PKP4|DTL|ECT2|DBF4|CCNY|CD28|PSMD10|NR2E1|FOXA1|EIF4E|RCC2|MAD2L1BP|PLRG1|TMOD3|CIT|CDC20|RRM1|EGF|MAD1L1|DUSP3|TGFA|RPS6KB1|HOXA13|EREG|ESPL1|MSX2,1.44315642642637
GOBP_PROTEIN_LOCALIZATION_TO_ENDOPLASMIC_RETICULUM,0.000759446315086049,0.0486171592312262,0.477270815362862,0.615681051545183,1.70148588568659,73,MAN1A1|INSIG1|TRAM1|UBAC2|RAB3GAP1|SRP9|SPCS3|BCAP29|INSIG2|SGTB|SSR3|SEC63|SPCS2|VPS54|SEC62|SNAP25-AS1|SPCS1|SRP72|ANKRD13C|SRP54|VAPA|TTC9-DT|KDELR3|EDEM1|RAB10|RAB3GAP2|CRYZL2P-SEC16B|SEC61G|SEC61B,1.70148588568659
GOBP_POSITIVE_REGULATION_OF_HYDROLASE_ACTIVITY,0.000795117093570258,0.049325656840412,0.477270815362862,-0.356642578553878,-1.33622198317602,463,SGSM1|AGAP3|SOX7|AIM2|COL4A3|PLEK|HSP90AB1|PRKCD|TBC1D9B|RGL3|ARHGAP25|CTSH|TBC1D9|MYC|TAX1BP3|BBC3|LPAR2|MAPT|RPS3|PPP1R15A|TBC1D17|SH3BP1|TBC1D2|DOCK6|PRR7|DDX11|ATP2A3|ROBO1|CIDEB|TBC1D12|DOCK7|GMIP|NKX3-1|RASGRF1|RALGDS|FYN|SGSM2|RGS10|DIABLO|SYDE2|EVI5L|RAPGEF1|GPR55|TBC1D10C|AKT1|NLRC4|PPM1F|CORO1C|HRAS|FGF2|DOCK10|RASGRP2|ASAP3|TBC1D20|PREX1|AGER|VCP|ESR1|CYFIP2|RAP1GAP2|ARHGEF19|APOA1|SLC27A4|DVL3|NDEL1|TBC1D22A|ARHGAP27|GARNL3|SIPA1|GRN|SYK|RGS7|ARHGAP45|PLCB2|ITGB1|TBC1D10B|ANG|RGP1|AGAP2|PIP5K1A|IFT57|RALGPS1|CD40|ARAP1|PDGFRB|HSPA1A|PDPK1|SNX9|CR1|TBC1D26|KHDC1|PHB2|SNCA|TBC1D10A|ARHGAP24|FAM162A|PIDD1|BAX|SMCR8|NR1H2|HSPE1|MAP4K4|DDX3X|BCL2L10|EPHA4|FCRL3|CASP10|APH1A|PTPA|TBC1D13|CASP8|TBC1D8B|SCRIB|RHOG|MTSS2|CASP9|MUL1|F3|HSPD1|ADRA1A|RANGAP1|AVPR1B,1.33622198317602
GOBP_LONG_TERM_MEMORY,0.00080969759713574,0.0496392256314628,0.477270815362862,-0.667781598487061,-1.82137149937857,38,EHMT2|CHST10|PRKCZ|RGS14|SRF|CAMK2N1|RASGRF1|CTNS|ARC|KAT2A|APOE|SGK1|CCND2|ADCY8|PRNP,1.82137149937857
